url,filename,title,date_published,category,size_str,size_bytes,page_url,first_seen,local_path,source
https://www.gub.uy/unidad-reguladora-servicios-comunicaciones/sites/unidad-reguladora-servicios-comunicaciones/files/2026-03/Registro%20de%20solicitudes%20de%20bloqueos%20al%2002%20de%20marzo%20de%202026.xlsx,Registro de solicitudes de bloqueos al 02 de marzo de 2026.xlsx,Registro de solicitudes de bloqueo electrónico temporal a proveedores de internet (ISP),2026-03-02,,43.06 KB,44093,https://www.gub.uy/unidad-reguladora-servicios-comunicaciones/datos-y-estadisticas/datos,2026-04-11,downloads/2026-03-02/Registro de solicitudes de bloqueos al 02 de marzo de 2026.xlsx,datos
https://www.gub.uy/unidad-reguladora-servicios-comunicaciones/sites/unidad-reguladora-servicios-comunicaciones/files/2026-01/TARIFARIO%202026_0.pdf,TARIFARIO 2026_0.pdf,Tasas y Tarifas 2026 establecidas en moneda nacional de los servicios administrados por URSEC,2026-01-30,Tasas y tarifas,692.57 KB,709191,https://www.gub.uy/unidad-reguladora-servicios-comunicaciones/datos-y-estadisticas/datos,2026-04-11,downloads/2026-01-30/TARIFARIO 2026_0.pdf,datos
https://www.gub.uy/unidad-reguladora-servicios-comunicaciones/sites/unidad-reguladora-servicios-comunicaciones/files/2025-10/Listado%20Aeronaves%20Octubre%202025.pdf,Listado Aeronaves Octubre 2025.pdf,Estaciones a bordo de aeronaves Pdf,2025-10-24,Servicio móvil aeronáutico,187.81 KB,192317,https://www.gub.uy/unidad-reguladora-servicios-comunicaciones/datos-y-estadisticas/datos,2026-04-11,downloads/2025-10-24/Listado Aeronaves Octubre 2025.pdf,datos
https://www.gub.uy/unidad-reguladora-servicios-comunicaciones/sites/unidad-reguladora-servicios-comunicaciones/files/2025-10/Listado%20Aeronaves%20Octubre%202025.ods,Listado Aeronaves Octubre 2025.ods,Estaciones a bordo de aeronaves ods,2025-10-24,Servicio móvil aeronáutico,24.66 KB,25251,https://www.gub.uy/unidad-reguladora-servicios-comunicaciones/datos-y-estadisticas/datos,2026-04-11,downloads/2025-10-24/Listado Aeronaves Octubre 2025.ods,datos
https://www.gub.uy/unidad-reguladora-servicios-comunicaciones/sites/unidad-reguladora-servicios-comunicaciones/files/2025-10/Embarcaciones%20Vigentes%20Octubre%202025.pdf,Embarcaciones Vigentes Octubre 2025.pdf,Estaciones a bordo de embarcaciones Pdf,2025-10-24,Móvil marítimo,264.15 KB,270489,https://www.gub.uy/unidad-reguladora-servicios-comunicaciones/datos-y-estadisticas/datos,2026-04-11,downloads/2025-10-24/Embarcaciones Vigentes Octubre 2025.pdf,datos
https://www.gub.uy/unidad-reguladora-servicios-comunicaciones/sites/unidad-reguladora-servicios-comunicaciones/files/2025-10/Embarcaciones%20Vigentes%20Octubre%202025.ods,Embarcaciones Vigentes Octubre 2025.ods,Estaciones a bordo de embarcaciones Ods,2025-10-24,Móvil marítimo,24.43 KB,25016,https://www.gub.uy/unidad-reguladora-servicios-comunicaciones/datos-y-estadisticas/datos,2026-04-11,downloads/2025-10-24/Embarcaciones Vigentes Octubre 2025.ods,datos
https://www.gub.uy/unidad-reguladora-servicios-comunicaciones/sites/unidad-reguladora-servicios-comunicaciones/files/2025-10/Nomina%20Distintivo%20Especial%20Octubre%202025.pdf,Nomina Distintivo Especial Octubre 2025.pdf,Listado de Distintivos Especiales asignados a Radioaficionados en pdf,2025-10-16,Radioaficionados,220.26 KB,225546,https://www.gub.uy/unidad-reguladora-servicios-comunicaciones/datos-y-estadisticas/datos,2026-04-11,downloads/2025-10-16/Nomina Distintivo Especial Octubre 2025.pdf,datos
https://www.gub.uy/unidad-reguladora-servicios-comunicaciones/sites/unidad-reguladora-servicios-comunicaciones/files/2025-10/Nomina%20Distintivo%20Especial%20Octubre%202025.ods,Nomina Distintivo Especial Octubre 2025.ods,Listado de Distintivos Especiales asignados a Radioaficionados en ods,2025-10-16,Radioaficionados,20.49 KB,20981,https://www.gub.uy/unidad-reguladora-servicios-comunicaciones/datos-y-estadisticas/datos,2026-04-11,downloads/2025-10-16/Nomina Distintivo Especial Octubre 2025.ods,datos
https://www.gub.uy/unidad-reguladora-servicios-comunicaciones/sites/unidad-reguladora-servicios-comunicaciones/files/2025-10/Nomina%20RCH%20Octubre%202025.pdf,Nomina RCH Octubre 2025.pdf,Datos de contacto de Radio Clubes Habilitados en pdf,2025-10-16,,259.15 KB,265369,https://www.gub.uy/unidad-reguladora-servicios-comunicaciones/datos-y-estadisticas/datos,2026-04-11,downloads/2025-10-16/Nomina RCH Octubre 2025.pdf,datos
https://www.gub.uy/unidad-reguladora-servicios-comunicaciones/sites/unidad-reguladora-servicios-comunicaciones/files/2025-10/Nomina%20RCH%20Octubre%202025.ods,Nomina RCH Octubre 2025.ods,Datos de contacto de Radio Clubes Habilitados en ods,2025-10-16,,26.47 KB,27105,https://www.gub.uy/unidad-reguladora-servicios-comunicaciones/datos-y-estadisticas/datos,2026-04-11,downloads/2025-10-16/Nomina RCH Octubre 2025.ods,datos
https://www.gub.uy/unidad-reguladora-servicios-comunicaciones/sites/unidad-reguladora-servicios-comunicaciones/files/2025-10/Nomina%20CX%20Vigentes%20Octubre%202025.pdf,Nomina CX Vigentes Octubre 2025.pdf,Registro de radioaficionados a octubre de 2025 en pdf,2025-10-16,Radioaficionados,905 KB,926720,https://www.gub.uy/unidad-reguladora-servicios-comunicaciones/datos-y-estadisticas/datos,2026-04-11,downloads/2025-10-16/Nomina CX Vigentes Octubre 2025.pdf,datos
https://www.gub.uy/unidad-reguladora-servicios-comunicaciones/sites/unidad-reguladora-servicios-comunicaciones/files/2025-10/Nomina%20CX%20Vigentes%20Octubre%202025.ods,Nomina CX Vigentes Octubre 2025.ods,Registro de radioaficionados a octubre de 2025 en ods,2025-10-16,Radioaficionados,56.83 KB,58193,https://www.gub.uy/unidad-reguladora-servicios-comunicaciones/datos-y-estadisticas/datos,2026-04-11,downloads/2025-10-16/Nomina CX Vigentes Octubre 2025.ods,datos
https://www.gub.uy/unidad-reguladora-servicios-comunicaciones/sites/unidad-reguladora-servicios-comunicaciones/files/2025-10/Nomina%20Vigentes%20Radio%20operadores%20Octubre%202025.pdf,Nomina Vigentes Radio operadores Octubre 2025.pdf,Certificados de operadores de móvil aeronáutico y móvil marítimo pdf,2025-10-16,Radiocomunicaciones,228.22 KB,233697,https://www.gub.uy/unidad-reguladora-servicios-comunicaciones/datos-y-estadisticas/datos,2026-04-11,downloads/2025-10-16/Nomina Vigentes Radio operadores Octubre 2025.pdf,datos
https://www.gub.uy/unidad-reguladora-servicios-comunicaciones/sites/unidad-reguladora-servicios-comunicaciones/files/2025-10/Nomina%20Vigentes%20Radio%20operadores%20Octubre%202025.ods,Nomina Vigentes Radio operadores Octubre 2025.ods,Certificados de operadores de móvil aeronáutico y móvil marítimo pdf,2025-10-16,Radiocomunicaciones,18.63 KB,19077,https://www.gub.uy/unidad-reguladora-servicios-comunicaciones/datos-y-estadisticas/datos,2026-04-11,downloads/2025-10-16/Nomina Vigentes Radio operadores Octubre 2025.ods,datos
https://www.gub.uy/unidad-reguladora-servicios-comunicaciones/sites/unidad-reguladora-servicios-comunicaciones/files/2025-10/Vigentes%20CVC%20Octubre%202025.pdf,Vigentes CVC Octubre 2025.pdf,Listado de estaciones de banda ciudadana pdf,2025-10-16,Banda ciudadana,202.57 KB,207431,https://www.gub.uy/unidad-reguladora-servicios-comunicaciones/datos-y-estadisticas/datos,2026-04-11,downloads/2025-10-16/Vigentes CVC Octubre 2025.pdf,datos
https://www.gub.uy/unidad-reguladora-servicios-comunicaciones/sites/unidad-reguladora-servicios-comunicaciones/files/2025-10/Vigentes%20CVC%20Octubre%202025.ods,Vigentes CVC Octubre 2025.ods,Listado de estaciones de banda ciudadana ods,2025-10-16,Banda ciudadana,20.19 KB,20674,https://www.gub.uy/unidad-reguladora-servicios-comunicaciones/datos-y-estadisticas/datos,2026-04-11,downloads/2025-10-16/Vigentes CVC Octubre 2025.ods,datos
https://www.gub.uy/unidad-reguladora-servicios-comunicaciones/sites/unidad-reguladora-servicios-comunicaciones/files/2025-07/IMT%20SAE.pdf,IMT SAE.pdf,Frecuencias IMT,2025-07-14,Telecomunicaciones móviles,98.79 KB,101160,https://www.gub.uy/unidad-reguladora-servicios-comunicaciones/datos-y-estadisticas/datos,2026-04-11,downloads/2025-07-14/IMT SAE.pdf,datos
https://www.gub.uy/unidad-reguladora-servicios-comunicaciones/sites/unidad-reguladora-servicios-comunicaciones/files/2025-08/Nomina%20Sat%C3%A9lites%20junio%202025.pdf,Nomina Satélites junio 2025.pdf,NÓMINA DE PERMISOS ANUALES DE SATÉLITES GEOESTACIONARIOS PDF,2025-06-30,Satélites comerciales,67.99 KB,69621,https://www.gub.uy/unidad-reguladora-servicios-comunicaciones/datos-y-estadisticas/datos?page=1,2026-04-11,downloads/2025-06-30/Nomina Satélites junio 2025.pdf,datos
https://www.gub.uy/unidad-reguladora-servicios-comunicaciones/sites/unidad-reguladora-servicios-comunicaciones/files/2025-08/Nomina%20Sat%C3%A9lites%20junio%202025.ods,Nomina Satélites junio 2025.ods,NÓMINA DE PERMISOS ANUALES DE SATÉLITES GEOESTACIONARIOS ODS,2025-06-30,Satélites comerciales,17.62 KB,18042,https://www.gub.uy/unidad-reguladora-servicios-comunicaciones/datos-y-estadisticas/datos?page=1,2026-04-11,downloads/2025-06-30/Nomina Satélites junio 2025.ods,datos
https://www.gub.uy/unidad-reguladora-servicios-comunicaciones/sites/unidad-reguladora-servicios-comunicaciones/files/2024-10/ANONIMIZADO_ACCESO_INTERNET_2024_09.pdf,ANONIMIZADO_ACCESO_INTERNET_2024_09.pdf,Acceso a Internet (alámbrico): análisis de la evolución del mercado uruguayo datos a septiembre de 2024,2024-10-03,Informes,768.13 KB,786565,https://www.gub.uy/unidad-reguladora-servicios-comunicaciones/datos-y-estadisticas/datos?page=1,2026-04-11,downloads/2024-10-03/ANONIMIZADO_ACCESO_INTERNET_2024_09.pdf,datos
https://www.gub.uy/unidad-reguladora-servicios-comunicaciones/sites/unidad-reguladora-servicios-comunicaciones/files/2024-09/Titularidad%20de%20medios%20al%2015%2005%202024.xlsx,Titularidad de medios al 15 05 2024.xlsx,Titularidad de medios al 15 05 2024,2024-05-15,Radiodifusión y TV Abonados,102.55 KB,105011,https://www.gub.uy/unidad-reguladora-servicios-comunicaciones/datos-y-estadisticas/datos?page=1,2026-04-11,downloads/2024-05-15/Titularidad de medios al 15 05 2024.xlsx,datos
https://www.gub.uy/unidad-reguladora-servicios-comunicaciones/sites/unidad-reguladora-servicios-comunicaciones/files/2023-06/Tabla_de%20Radiodifusi%C3%B3n%20y%20TV%20Abonados%20al%2016%20de%20junio%20de%202023.xlsx,Tabla_de Radiodifusión y TV Abonados al 16 de junio de 2023.xlsx,Emisoras de Radiodifusión y TV Abonados al 16_06_2023,2023-06-16,Radiodifusión y TV Abonados,67.63 KB,69253,https://www.gub.uy/unidad-reguladora-servicios-comunicaciones/datos-y-estadisticas/datos?page=1,2026-04-11,downloads/2023-06-16/Tabla_de Radiodifusión y TV Abonados al 16 de junio de 2023.xlsx,datos
https://www.gub.uy/unidad-reguladora-servicios-comunicaciones/sites/unidad-reguladora-servicios-comunicaciones/files/2022-11/Visanet-Fiserv%20WEB.pdf,Visanet-Fiserv WEB.pdf,Convenio de interconexión entre Compañía Uruguaya de Medios de Procesamiento S.A y First Data Uruguay Srl,2022-11-17,Convenio operadores de pago,1.05 MB,1101004,https://www.gub.uy/unidad-reguladora-servicios-comunicaciones/datos-y-estadisticas/datos?page=1,2026-04-11,downloads/2022-11-17/Visanet-Fiserv WEB.pdf,datos
https://www.gub.uy/unidad-reguladora-servicios-comunicaciones/sites/unidad-reguladora-servicios-comunicaciones/files/2022-11/Scotiabank%20-%20Fiserv%20WEB.pdf,Scotiabank - Fiserv WEB.pdf,Convenio de interconexión entre Scotiabank Uruguay S.A y Firstdata,2022-11-15,Convenio operadores de pago,1.93 MB,2023751,https://www.gub.uy/unidad-reguladora-servicios-comunicaciones/datos-y-estadisticas/datos?page=1,2026-04-11,downloads/2022-11-15/Scotiabank - Fiserv WEB.pdf,datos
https://www.gub.uy/unidad-reguladora-servicios-comunicaciones/sites/unidad-reguladora-servicios-comunicaciones/files/2022-11/Getnet-Fiserv%20WEB.pdf,Getnet-Fiserv WEB.pdf,Acuerdo de interconexión entre Getnet y Fiserv,2022-10-17,Convenio operadores de pago,5.04 MB,5284823,https://www.gub.uy/unidad-reguladora-servicios-comunicaciones/datos-y-estadisticas/datos?page=1,2026-04-11,downloads/2022-10-17/Getnet-Fiserv WEB.pdf,datos
https://www.gub.uy/unidad-reguladora-servicios-comunicaciones/sites/unidad-reguladora-servicios-comunicaciones/files/2022-10/OCA-FISERV%20WEB.pdf,OCA-FISERV WEB.pdf,Convenio de interconexión entre OCA. S.A y FIRST DATA URUGUAY SRL,2022-10-13,Convenio operadores de pago,1.34 MB,1405091,https://www.gub.uy/unidad-reguladora-servicios-comunicaciones/datos-y-estadisticas/datos?page=1,2026-04-11,downloads/2022-10-13/OCA-FISERV WEB.pdf,datos
https://www.gub.uy/unidad-reguladora-servicios-comunicaciones/sites/unidad-reguladora-servicios-comunicaciones/files/2022-10/PassCard-FData%20WEB.pdf,PassCard-FData WEB.pdf,Convenio de interconexión entre PassCard S.A. y First Data Uruguay S.R.L.,2022-10-07,Convenio operadores de pago,4.61 MB,4833935,https://www.gub.uy/unidad-reguladora-servicios-comunicaciones/datos-y-estadisticas/datos?page=2,2026-04-11,downloads/2022-10-07/PassCard-FData WEB.pdf,datos
https://www.gub.uy/unidad-reguladora-servicios-comunicaciones/sites/unidad-reguladora-servicios-comunicaciones/files/2022-10/Convenio%20Socur-Fiserv%20WEB.pdf,Convenio Socur-Fiserv WEB.pdf,Convenio de interconexión entre First Data Uruguay S.A. y Socur S.A,2022-10-03,Acuerdo de operadores de pago,1.04 MB,1090519,https://www.gub.uy/unidad-reguladora-servicios-comunicaciones/datos-y-estadisticas/datos?page=2,2026-04-11,downloads/2022-10-03/Convenio Socur-Fiserv WEB.pdf,datos
https://www.gub.uy/unidad-reguladora-servicios-comunicaciones/sites/unidad-reguladora-servicios-comunicaciones/files/2020-12/Visanet_Geocom%20-WEB.pdf,Visanet_Geocom -WEB.pdf,Visanet_Geocom,2022-08-30,Convenios operadores de pago,2.93 MB,3072327,https://www.gub.uy/unidad-reguladora-servicios-comunicaciones/datos-y-estadisticas/datos?page=2,2026-04-11,downloads/2022-08-30/Visanet_Geocom -WEB.pdf,datos
https://www.gub.uy/unidad-reguladora-servicios-comunicaciones/sites/unidad-reguladora-servicios-comunicaciones/files/2022-08/Adenda.pdf,Adenda.pdf,Adenda al convenio,2022-08-30,Convenios operadores de pago,779.35 KB,798054,https://www.gub.uy/unidad-reguladora-servicios-comunicaciones/datos-y-estadisticas/datos?page=2,2026-04-11,downloads/2022-08-30/Adenda.pdf,datos
https://www.gub.uy/unidad-reguladora-servicios-comunicaciones/sites/unidad-reguladora-servicios-comunicaciones/files/2022-12/Socur-Visanet%20WEB.pdf,Socur-Visanet WEB.pdf,Convenio SOCUR S.A - VISANET,2022-03-22,Convenio operadores de pago,1.82 MB,1908408,https://www.gub.uy/unidad-reguladora-servicios-comunicaciones/datos-y-estadisticas/datos?page=2,2026-04-11,downloads/2022-03-22/Socur-Visanet WEB.pdf,datos
https://www.gub.uy/unidad-reguladora-servicios-comunicaciones/sites/unidad-reguladora-servicios-comunicaciones/files/2022-12/Visanet-Sarea%20WEB.pdf,Visanet-Sarea WEB.pdf,Convenio SAREA - VISA,2022-03-10,Convenio operadores de pago,1.09 MB,1142947,https://www.gub.uy/unidad-reguladora-servicios-comunicaciones/datos-y-estadisticas/datos?page=2,2026-04-11,downloads/2022-03-10/Visanet-Sarea WEB.pdf,datos
https://www.gub.uy/unidad-reguladora-servicios-comunicaciones/sites/unidad-reguladora-servicios-comunicaciones/files/2022-12/Visanet-OCA%20WEB.pdf,Visanet-OCA WEB.pdf,Convenio VISANET - OCA S.A,2022-01-25,Convenio operadores de pago,1.49 MB,1562378,https://www.gub.uy/unidad-reguladora-servicios-comunicaciones/datos-y-estadisticas/datos?page=2,2026-04-11,downloads/2022-01-25/Visanet-OCA WEB.pdf,datos
https://www.gub.uy/unidad-reguladora-servicios-comunicaciones/sites/unidad-reguladora-servicios-comunicaciones/files/2022-12/OCA-Visanet%20WEB.pdf,OCA-Visanet WEB.pdf,Convenio OCA S.A - VISANET,2022-01-25,Convenio operadores de pago,1.5 MB,1572864,https://www.gub.uy/unidad-reguladora-servicios-comunicaciones/datos-y-estadisticas/datos?page=2,2026-04-11,downloads/2022-01-25/OCA-Visanet WEB.pdf,datos
https://www.gub.uy/unidad-reguladora-servicios-comunicaciones/sites/unidad-reguladora-servicios-comunicaciones/files/2022-12/Cabal-Visanet%20WEB.pdf,Cabal-Visanet WEB.pdf,Convenio CABAL URUGUAY S.A - COMPAÑÍA URUGUAYA DE MEDIOS DE PROCESAMIENTO S.A,2022-01-25,Convenio operadores de pago,1.51 MB,1583349,https://www.gub.uy/unidad-reguladora-servicios-comunicaciones/datos-y-estadisticas/datos?page=2,2026-04-11,downloads/2022-01-25/Cabal-Visanet WEB.pdf,datos
https://www.gub.uy/unidad-reguladora-servicios-comunicaciones/sites/unidad-reguladora-servicios-comunicaciones/files/2022-12/Fist%20Data-Visanet%20WEB.pdf,Fist Data-Visanet WEB.pdf,Convenio FIRST DATA SRL - VISANET,2022-01-25,Convenio operadores de pago,1.58 MB,1656750,https://www.gub.uy/unidad-reguladora-servicios-comunicaciones/datos-y-estadisticas/datos?page=2,2026-04-11,downloads/2022-01-25/Fist Data-Visanet WEB.pdf,datos
https://www.gub.uy/unidad-reguladora-servicios-comunicaciones/sites/unidad-reguladora-servicios-comunicaciones/files/2022-01/Cr%C3%A9d.Directos%20-%20First%20Data%20WEB.pdf,Créd.Directos - First Data WEB.pdf,Convenio de interconexión entre CRÉDITOS DIRECTOS S.A y FIRST DATA URUGUAY S.A,2022-01-14,Convenio operadores de pago,460.41 KB,471459,https://www.gub.uy/unidad-reguladora-servicios-comunicaciones/datos-y-estadisticas/datos?page=3,2026-04-11,downloads/2022-01-14/Créd.Directos - First Data WEB.pdf,datos
https://www.gub.uy/unidad-reguladora-servicios-comunicaciones/sites/unidad-reguladora-servicios-comunicaciones/files/2022-01/First%20Data-Club%20del%20Este%20WEB.pdf,First Data-Club del Este WEB.pdf,"Convenio de interconexión entre S.A CIA, CLUB DEL ESTE y FIRS DATA URUGUAY S.A",2022-01-04,Convenio operadores de pago,739.29 KB,757032,https://www.gub.uy/unidad-reguladora-servicios-comunicaciones/datos-y-estadisticas/datos?page=3,2026-04-11,downloads/2022-01-04/First Data-Club del Este WEB.pdf,datos
https://www.gub.uy/unidad-reguladora-servicios-comunicaciones/sites/unidad-reguladora-servicios-comunicaciones/files/2021-12/FirstData-Cabal.pdf,FirstData-Cabal.pdf,Convenio de interconexión entre First Data Uruguay S.R.L. y Cabal Uruguay S.R.L.,2021-12-21,Convenio operadores de pago,1.19 MB,1247805,https://www.gub.uy/unidad-reguladora-servicios-comunicaciones/datos-y-estadisticas/datos?page=3,2026-04-11,downloads/2021-12-21/FirstData-Cabal.pdf,datos
https://www.gub.uy/unidad-reguladora-servicios-comunicaciones/sites/unidad-reguladora-servicios-comunicaciones/files/2021-01/Phoenix%20SA-OCA%20SA%20WEB.pdf,Phoenix SA-OCA SA WEB.pdf,Convenio Phoenix SA -Oca SA WEB,2020-12-07,Convenios operadores de pago,536.26 KB,549130,https://www.gub.uy/unidad-reguladora-servicios-comunicaciones/datos-y-estadisticas/datos?page=3,2026-04-11,downloads/2020-12-07/Phoenix SA-OCA SA WEB.pdf,datos
https://www.gub.uy/unidad-reguladora-servicios-comunicaciones/sites/unidad-reguladora-servicios-comunicaciones/files/2020-03/Registro%20Radios%20Tem%C3%A1ticas%20al%2020.03.2020.pdf,Registro Radios Temáticas al 20.03.2020.pdf,Registro de Radios Temáticas al 20.03.2020,2020-03-20,,153.25 KB,156928,https://www.gub.uy/unidad-reguladora-servicios-comunicaciones/datos-y-estadisticas/datos?page=3,2026-04-11,downloads/2020-03-20/Registro Radios Temáticas al 20.03.2020.pdf,datos
https://www.gub.uy/unidad-reguladora-servicios-comunicaciones/sites/unidad-reguladora-servicios-comunicaciones/files/2019-03/DATOS%20TECNICOS%20AM-FM-TV%200001.ods,DATOS TECNICOS AM-FM-TV 0001.ods,DATOS TECNICOS AM-FM-TV 0001.ods,2019-03-15,Radiodifusión,57.85 KB,59238,https://www.gub.uy/unidad-reguladora-servicios-comunicaciones/datos-y-estadisticas/datos?page=3,2026-04-11,downloads/2019-03-15/DATOS TECNICOS AM-FM-TV 0001.ods,datos
https://www.gub.uy/unidad-reguladora-servicios-comunicaciones/sites/unidad-reguladora-servicios-comunicaciones/files/2021-01/Phoenix%2BS.A%2Bcon%2BCr%C3%A9ditos%2BDirectos%2BS.A.pdf,Phoenix+S.A+con+Créditos+Directos+S.A.pdf,Convenio de interconexión entre Phoenix y Créditos Directos,2018-12-19,Convenios operadores de pago,127.82 KB,130887,https://www.gub.uy/unidad-reguladora-servicios-comunicaciones/datos-y-estadisticas/datos?page=3,2026-04-11,downloads/2018-12-19/Phoenix+S.A+con+Créditos+Directos+S.A.pdf,datos
https://www.gub.uy/unidad-reguladora-servicios-comunicaciones/sites/unidad-reguladora-servicios-comunicaciones/files/2021-01/Convenio%20de%20interconexi%C3%B3n%20entre%20Hosting%20y%20Pass%20Card.pdf,Convenio de interconexión entre Hosting y Pass Card.pdf,Convenio de interconexión entre Hosting y Pass Card,2018-12-17,Convenios operadores de pago,105.79 KB,108328,https://www.gub.uy/unidad-reguladora-servicios-comunicaciones/datos-y-estadisticas/datos?page=3,2026-04-11,downloads/2018-12-17/Convenio de interconexión entre Hosting y Pass Card.pdf,datos
https://www.gub.uy/unidad-reguladora-servicios-comunicaciones/sites/unidad-reguladora-servicios-comunicaciones/files/2021-01/Abitab%2BS.A.Cr%C3%A9ditos%2BDirectos%2BS.A..pdf,Abitab+S.A.Créditos+Directos+S.A..pdf,Convenio de Interconexión Abitab S.A. - Créditos Directos S.A.,2018-12-06,Convenios operadores de pago,317.18 KB,324792,https://www.gub.uy/unidad-reguladora-servicios-comunicaciones/datos-y-estadisticas/datos?page=4,2026-04-11,downloads/2018-12-06/Abitab+S.A.Créditos+Directos+S.A..pdf,datos
https://www.gub.uy/unidad-reguladora-servicios-comunicaciones/sites/unidad-reguladora-servicios-comunicaciones/files/2021-01/Cabal%2BS.A.%2BAbitab%2BS.A..pdf,Cabal+S.A.+Abitab+S.A..pdf,Acuerdo de Interconexión Cabal Uruguay S.A. - Abitab S.A.,2018-12-06,Convenios operadores de pago,400.16 KB,409763,https://www.gub.uy/unidad-reguladora-servicios-comunicaciones/datos-y-estadisticas/datos?page=4,2026-04-11,downloads/2018-12-06/Cabal+S.A.+Abitab+S.A..pdf,datos
https://www.gub.uy/unidad-reguladora-servicios-comunicaciones/sites/unidad-reguladora-servicios-comunicaciones/files/2021-01/Acuerdo%20de%20Interconexion%20Cabal%20S.A.%20-%20Phoenix%20S.A.%20accesible.pdf,Acuerdo de Interconexion Cabal S.A. - Phoenix S.A. accesible.pdf,Acuerdo de Interconexión Cabal Uruguay S.A. - Phoenix S.A.,2018-12-06,Convenios operadores de pago,394.2 KB,403660,https://www.gub.uy/unidad-reguladora-servicios-comunicaciones/datos-y-estadisticas/datos?page=4,2026-04-11,downloads/2018-12-06/Acuerdo de Interconexion Cabal S.A. - Phoenix S.A. accesible.pdf,datos
https://www.gub.uy/unidad-reguladora-servicios-comunicaciones/sites/unidad-reguladora-servicios-comunicaciones/files/2021-01/Acuerdo%20de%20Interconexion%20Cabal%20S.A.%20-%20Phoenix%20S.A..pdf,Acuerdo de Interconexion Cabal S.A. - Phoenix S.A..pdf,Acuerdo de Interconexión Cabal Uruguay S.A. - Phoenix S.A.,2018-12-06,Convenios operadores de pago,299.56 KB,306749,https://www.gub.uy/unidad-reguladora-servicios-comunicaciones/datos-y-estadisticas/datos?page=4,2026-04-11,downloads/2018-12-06/Acuerdo de Interconexion Cabal S.A. - Phoenix S.A..pdf,datos
https://www.gub.uy/unidad-reguladora-servicios-comunicaciones/sites/unidad-reguladora-servicios-comunicaciones/files/2018-11/Plan%20tecnico%20fundamental%20-%20Plan%20nacional%20de%20se%C3%B1alizacion_1.pdf,Plan tecnico fundamental - Plan nacional de señalizacion_1.pdf,Plan tecnico fundamental - Plan nacional de señalizacion.pdf,2018-11-26,,19.68 KB,20152,https://www.gub.uy/unidad-reguladora-servicios-comunicaciones/datos-y-estadisticas/datos?page=4,2026-04-11,downloads/2018-11-26/Plan tecnico fundamental - Plan nacional de señalizacion_1.pdf,datos
https://www.gub.uy/unidad-reguladora-servicios-comunicaciones/sites/unidad-reguladora-servicios-comunicaciones/files/2018-11/Plan%20t%C3%A9cnico%20fundamental%20-%20Numeraci%C3%B3n.pdf,Plan técnico fundamental - Numeración.pdf,Plan Técnico de Numeración,2018-11-26,,44.47 KB,45537,https://www.gub.uy/unidad-reguladora-servicios-comunicaciones/datos-y-estadisticas/datos?page=4,2026-04-11,downloads/2018-11-26/Plan técnico fundamental - Numeración.pdf,datos
https://www.gub.uy/unidad-reguladora-servicios-comunicaciones/sites/unidad-reguladora-servicios-comunicaciones/files/2018-11/TVD%2BT%2BUruguay.ods,TVD+T+Uruguay.ods,Listado de canales TVD-Terrestre adjudicados,2018-05-22,TVD-Terrestre,6.96 KB,7127,https://www.gub.uy/unidad-reguladora-servicios-comunicaciones/datos-y-estadisticas/datos?page=4,2026-04-11,downloads/2018-05-22/TVD+T+Uruguay.ods,datos
https://www.gub.uy/unidad-reguladora-servicios-comunicaciones/sites/unidad-reguladora-servicios-comunicaciones/files/2020-12/Scotiabank%20_Geocom%20-WEB%20%281%29.pdf,Scotiabank _Geocom -WEB (1).pdf,Scotiabank_Geocom,2017-11-20,Convenios operadores de pago,362.43 KB,371128,https://www.gub.uy/unidad-reguladora-servicios-comunicaciones/datos-y-estadisticas/datos?page=4,2026-04-11,downloads/2017-11-20/Scotiabank _Geocom -WEB (1).pdf,datos
https://www.gub.uy/unidad-reguladora-servicios-comunicaciones/sites/unidad-reguladora-servicios-comunicaciones/files/2019-06/Visamet_Resonance%20Uruguay%20SA.pdf,Visamet_Resonance Uruguay SA.pdf,Convenio VISANET - RESONANCE URUGUAY S.A.,2017-08-26,Convenios operadores de pago,627.2 KB,642252,https://www.gub.uy/unidad-reguladora-servicios-comunicaciones/datos-y-estadisticas/datos?page=4,2026-04-11,downloads/2017-08-26/Visamet_Resonance Uruguay SA.pdf,datos
https://www.gub.uy/unidad-reguladora-servicios-comunicaciones/sites/unidad-reguladora-servicios-comunicaciones/files/2022-12/Visanet-Resonance%20ADENDA.pdf,Visanet-Resonance ADENDA.pdf,Adenda del convenio,2017-08-26,Convenios operadores de pago,774.68 KB,793272,https://www.gub.uy/unidad-reguladora-servicios-comunicaciones/datos-y-estadisticas/datos?page=4,2026-04-11,downloads/2017-08-26/Visanet-Resonance ADENDA.pdf,datos
https://www.gub.uy/unidad-reguladora-servicios-comunicaciones/sites/unidad-reguladora-servicios-comunicaciones/files/2019-06/Oca_Geocom%20SA.pdf,Oca_Geocom SA.pdf,Acuerdo de interconexión,2017-08-26,Convenios operadores de pago,358.62 KB,367226,https://www.gub.uy/unidad-reguladora-servicios-comunicaciones/datos-y-estadisticas/datos?page=5,2026-04-11,downloads/2017-08-26/Oca_Geocom SA.pdf,datos
https://www.gub.uy/unidad-reguladora-servicios-comunicaciones/sites/unidad-reguladora-servicios-comunicaciones/files/2022-12/_2014-1000957_GEOCOM_Modificaci%C3%B3n_del_acuerdo_de_interconexi%C3%B3n_OCA_firmado_12112021.pdf,_2014-1000957_GEOCOM_Modificación_del_acuerdo_de_interconexión_OCA_firmado_12112021.pdf,Adenda al convenio,2017-08-26,Convenios operadores de pago,1.35 MB,1415577,https://www.gub.uy/unidad-reguladora-servicios-comunicaciones/datos-y-estadisticas/datos?page=5,2026-04-11,downloads/2017-08-26/_2014-1000957_GEOCOM_Modificación_del_acuerdo_de_interconexión_OCA_firmado_12112021.pdf,datos
https://www.gub.uy/unidad-reguladora-servicios-comunicaciones/sites/unidad-reguladora-servicios-comunicaciones/files/2019-06/Abitab_SA%20Creditos%20Directos%20SA.pdf,Abitab_SA Creditos Directos SA.pdf,Abitab_SA Creditos Directos SA.pdf,2017-08-26,Convenios operadores de pago,317.18 KB,324792,https://www.gub.uy/unidad-reguladora-servicios-comunicaciones/datos-y-estadisticas/datos?page=5,2026-04-11,downloads/2017-08-26/Abitab_SA Creditos Directos SA.pdf,datos
https://www.gub.uy/unidad-reguladora-servicios-comunicaciones/sites/unidad-reguladora-servicios-comunicaciones/files/2019-06/Cabal%20SA_Abitab%20SA_0.pdf,Cabal SA_Abitab SA_0.pdf,Cabal SA_Abitab SA_0.pdf,2017-08-26,Convenios operadores de pago,262.68 KB,268984,https://www.gub.uy/unidad-reguladora-servicios-comunicaciones/datos-y-estadisticas/datos?page=5,2026-04-11,downloads/2017-08-26/Cabal SA_Abitab SA_0.pdf,datos
https://www.gub.uy/unidad-reguladora-servicios-comunicaciones/sites/unidad-reguladora-servicios-comunicaciones/files/2019-06/Cabal%20SA_Phoenix%20SA.pdf,Cabal SA_Phoenix SA.pdf,Cabal SA_Phoenix SA.pdf,2017-08-26,Convenios operadores de pago,256.65 KB,262809,https://www.gub.uy/unidad-reguladora-servicios-comunicaciones/datos-y-estadisticas/datos?page=5,2026-04-11,downloads/2017-08-26/Cabal SA_Phoenix SA.pdf,datos
https://www.gub.uy/unidad-reguladora-servicios-comunicaciones/sites/unidad-reguladora-servicios-comunicaciones/files/2019-06/Cabal%20Uruguay%20SA_Intermel%20SA.pdf,Cabal Uruguay SA_Intermel SA.pdf,Cabal Uruguay SA_Intermel SA.pdf,2017-08-26,Convenios operadores de pago,200.5 KB,205312,https://www.gub.uy/unidad-reguladora-servicios-comunicaciones/datos-y-estadisticas/datos?page=5,2026-04-11,downloads/2017-08-26/Cabal Uruguay SA_Intermel SA.pdf,datos
https://www.gub.uy/unidad-reguladora-servicios-comunicaciones/sites/unidad-reguladora-servicios-comunicaciones/files/2019-06/Cabal%20Uruguay%20SA_Sebatop%20SA.pdf,Cabal Uruguay SA_Sebatop SA.pdf,Cabal Uruguay SA_Sebatop SA.pdf,2017-08-26,Convenios operadores de pago,238.02 KB,243732,https://www.gub.uy/unidad-reguladora-servicios-comunicaciones/datos-y-estadisticas/datos?page=5,2026-04-11,downloads/2017-08-26/Cabal Uruguay SA_Sebatop SA_2026-04-11.pdf,datos
https://www.gub.uy/unidad-reguladora-servicios-comunicaciones/sites/unidad-reguladora-servicios-comunicaciones/files/2019-06/Cabal%20Uruguay_Geocom%20Uruguay%20SA.pdf,Cabal Uruguay_Geocom Uruguay SA.pdf,Cabal Uruguay_Geocom Uruguay SA.pdf,2017-08-26,Convenios operadores de pago,312.35 KB,319846,https://www.gub.uy/unidad-reguladora-servicios-comunicaciones/datos-y-estadisticas/datos?page=5,2026-04-11,downloads/2017-08-26/Cabal Uruguay_Geocom Uruguay SA.pdf,datos
https://www.gub.uy/unidad-reguladora-servicios-comunicaciones/sites/unidad-reguladora-servicios-comunicaciones/files/2019-06/Cabal%20Uruguay_RedPos%20Uruguay.pdf,Cabal Uruguay_RedPos Uruguay.pdf,Cabal Uruguay_RedPos Uruguay.pdf,2017-08-26,Convenios operadores de pago,184.51 KB,188938,https://www.gub.uy/unidad-reguladora-servicios-comunicaciones/datos-y-estadisticas/datos?page=5,2026-04-11,downloads/2017-08-26/Cabal Uruguay_RedPos Uruguay.pdf,datos
https://www.gub.uy/unidad-reguladora-servicios-comunicaciones/sites/unidad-reguladora-servicios-comunicaciones/files/2019-06/Creditos%20Directos%20SA_Geocom%20Uruguay%20SA.pdf,Creditos Directos SA_Geocom Uruguay SA.pdf,Creditos Directos SA_Geocom Uruguay SA.pdf,2017-08-26,Convenios operadores de pago,257.13 KB,263301,https://www.gub.uy/unidad-reguladora-servicios-comunicaciones/datos-y-estadisticas/datos?page=5,2026-04-11,downloads/2017-08-26/Creditos Directos SA_Geocom Uruguay SA.pdf,datos
https://www.gub.uy/unidad-reguladora-servicios-comunicaciones/sites/unidad-reguladora-servicios-comunicaciones/files/2019-06/First%20Data%20Uruguay%20SA_Sebatop%20SA.pdf,First Data Uruguay SA_Sebatop SA.pdf,First Data Uruguay SA_Sebatop SA.pdf,2017-08-26,Convenios operadores de pago,238.9 KB,244633,https://www.gub.uy/unidad-reguladora-servicios-comunicaciones/datos-y-estadisticas/datos?page=6,2026-04-11,downloads/2017-08-26/First Data Uruguay SA_Sebatop SA.pdf,datos
https://www.gub.uy/unidad-reguladora-servicios-comunicaciones/sites/unidad-reguladora-servicios-comunicaciones/files/2019-06/First%20Data%20Uruguay%20SA_Resonance%20Uruguay%20SA.pdf,First Data Uruguay SA_Resonance Uruguay SA.pdf,First Data Uruguay SA_Resonance Uruguay SA.pdf,2017-08-26,Convenios operadores de pago,373.25 KB,382208,https://www.gub.uy/unidad-reguladora-servicios-comunicaciones/datos-y-estadisticas/datos?page=6,2026-04-11,downloads/2017-08-26/First Data Uruguay SA_Resonance Uruguay SA.pdf,datos
https://www.gub.uy/unidad-reguladora-servicios-comunicaciones/sites/unidad-reguladora-servicios-comunicaciones/files/2019-06/First%20Data%20Uruguay_Geocom%20SA_0.pdf,First Data Uruguay_Geocom SA_0.pdf,First Data Uruguay_Geocom SA_0.pdf,2017-08-26,Convenios operadores de pago,219.79 KB,225064,https://www.gub.uy/unidad-reguladora-servicios-comunicaciones/datos-y-estadisticas/datos?page=6,2026-04-11,downloads/2017-08-26/First Data Uruguay_Geocom SA_0.pdf,datos
https://www.gub.uy/unidad-reguladora-servicios-comunicaciones/sites/unidad-reguladora-servicios-comunicaciones/files/2019-06/Redpos%20Galanet%20SA_Anda.pdf,Redpos Galanet SA_Anda.pdf,Redpos Galanet SA_Anda.pdf,2017-08-26,Convenios operadores de pago,278.15 KB,284825,https://www.gub.uy/unidad-reguladora-servicios-comunicaciones/datos-y-estadisticas/datos?page=6,2026-04-11,downloads/2017-08-26/Redpos Galanet SA_Anda.pdf,datos
https://www.gub.uy/unidad-reguladora-servicios-comunicaciones/sites/unidad-reguladora-servicios-comunicaciones/files/2019-06/Hosting%20SA_Pass%20Card%20SA_0.pdf,Hosting SA_Pass Card SA_0.pdf,Hosting SA_Pass Card SA_0.pdf,2017-08-26,Convenios operadores de pago,315.14 KB,322703,https://www.gub.uy/unidad-reguladora-servicios-comunicaciones/datos-y-estadisticas/datos?page=6,2026-04-11,downloads/2017-08-26/Hosting SA_Pass Card SA_0.pdf,datos
https://www.gub.uy/unidad-reguladora-servicios-comunicaciones/sites/unidad-reguladora-servicios-comunicaciones/files/2019-06/Geocom_Anda.pdf,Geocom_Anda.pdf,Geocom_Anda.pdf,2017-08-26,Convenios operadores de pago,285.83 KB,292689,https://www.gub.uy/unidad-reguladora-servicios-comunicaciones/datos-y-estadisticas/datos?page=6,2026-04-11,downloads/2017-08-26/Geocom_Anda.pdf,datos
https://www.gub.uy/unidad-reguladora-servicios-comunicaciones/sites/unidad-reguladora-servicios-comunicaciones/files/2019-06/Hosting%20SA_Compania%20Club%20del%20Este%20SA_contrato%201.pdf,Hosting SA_Compania Club del Este SA_contrato 1.pdf,Hosting SA_Compania Club del Este SA_contrato 1.pdf,2017-08-26,Convenios operadores de pago,133.74 KB,136949,https://www.gub.uy/unidad-reguladora-servicios-comunicaciones/datos-y-estadisticas/datos?page=6,2026-04-11,downloads/2017-08-26/Hosting SA_Compania Club del Este SA_contrato 1.pdf,datos
https://www.gub.uy/unidad-reguladora-servicios-comunicaciones/sites/unidad-reguladora-servicios-comunicaciones/files/2019-06/Hosting%20SA_Compania%20Club%20del%20Este%20SA_contrato%202.pdf,Hosting SA_Compania Club del Este SA_contrato 2.pdf,Hosting SA_Compania Club del Este SA_contrato 2.pdf,2017-08-26,Convenios operadores de pago,105.79 KB,108328,https://www.gub.uy/unidad-reguladora-servicios-comunicaciones/datos-y-estadisticas/datos?page=6,2026-04-11,downloads/2017-08-26/Hosting SA_Compania Club del Este SA_contrato 2.pdf,datos
https://www.gub.uy/unidad-reguladora-servicios-comunicaciones/sites/unidad-reguladora-servicios-comunicaciones/files/2019-06/Hosting%20SA_Socur%20SA.pdf,Hosting SA_Socur SA.pdf,Hosting SA_Socur SA.pdf,2017-08-26,Convenios operadores de pago,147.49 KB,151029,https://www.gub.uy/unidad-reguladora-servicios-comunicaciones/datos-y-estadisticas/datos?page=6,2026-04-11,downloads/2017-08-26/Hosting SA_Socur SA.pdf,datos
https://www.gub.uy/unidad-reguladora-servicios-comunicaciones/sites/unidad-reguladora-servicios-comunicaciones/files/2019-06/Intermel%20SA_Anda.pdf,Intermel SA_Anda.pdf,Intermel SA_Anda.pdf,2017-08-26,Convenios operadores de pago,323.65 KB,331417,https://www.gub.uy/unidad-reguladora-servicios-comunicaciones/datos-y-estadisticas/datos?page=6,2026-04-11,downloads/2017-08-26/Intermel SA_Anda.pdf,datos
https://www.gub.uy/unidad-reguladora-servicios-comunicaciones/sites/unidad-reguladora-servicios-comunicaciones/files/2019-06/Intermel%20SA_SA%20Cia%20Club%20del%20Este.pdf,Intermel SA_SA Cia Club del Este.pdf,Intermel SA_SA Cia Club del Este.pdf,2017-08-26,Convenios operadores de pago,191.59 KB,196188,https://www.gub.uy/unidad-reguladora-servicios-comunicaciones/datos-y-estadisticas/datos?page=6,2026-04-11,downloads/2017-08-26/Intermel SA_SA Cia Club del Este.pdf,datos
https://www.gub.uy/unidad-reguladora-servicios-comunicaciones/sites/unidad-reguladora-servicios-comunicaciones/files/2019-06/Intermel%20SA_Socur%20SA.pdf,Intermel SA_Socur SA.pdf,Intermel SA_Socur SA.pdf,2017-08-26,Convenios operadores de pago,228.01 KB,233482,https://www.gub.uy/unidad-reguladora-servicios-comunicaciones/datos-y-estadisticas/datos?page=7,2026-04-11,downloads/2017-08-26/Intermel SA_Socur SA.pdf,datos
https://www.gub.uy/unidad-reguladora-servicios-comunicaciones/sites/unidad-reguladora-servicios-comunicaciones/files/2019-06/Oca%20SA_Resonance%20Uruguay%20SA.pdf,Oca SA_Resonance Uruguay SA.pdf,Oca SA_Resonance Uruguay SA.pdf,2017-08-26,Convenios operadores de pago,360.82 KB,369479,https://www.gub.uy/unidad-reguladora-servicios-comunicaciones/datos-y-estadisticas/datos?page=7,2026-04-11,downloads/2017-08-26/Oca SA_Resonance Uruguay SA.pdf,datos
https://www.gub.uy/unidad-reguladora-servicios-comunicaciones/sites/unidad-reguladora-servicios-comunicaciones/files/2019-06/Oca%20SA_Sebatop%20SA.pdf,Oca SA_Sebatop SA.pdf,Oca SA_Sebatop SA.pdf,2017-08-26,Convenios operadores de pago,235.86 KB,241520,https://www.gub.uy/unidad-reguladora-servicios-comunicaciones/datos-y-estadisticas/datos?page=7,2026-04-11,downloads/2017-08-26/Oca SA_Sebatop SA.pdf,datos
https://www.gub.uy/unidad-reguladora-servicios-comunicaciones/sites/unidad-reguladora-servicios-comunicaciones/files/2019-06/OCA_RedPOS.pdf,OCA_RedPOS.pdf,OCA_RedPOS.pdf,2017-08-26,Convenios operadores de pago,163.6 KB,167526,https://www.gub.uy/unidad-reguladora-servicios-comunicaciones/datos-y-estadisticas/datos?page=7,2026-04-11,downloads/2017-08-26/OCA_RedPOS.pdf,datos
https://www.gub.uy/unidad-reguladora-servicios-comunicaciones/sites/unidad-reguladora-servicios-comunicaciones/files/2019-06/Phoenix%20SA_Creditos%20Directos%20SA.pdf,Phoenix SA_Creditos Directos SA.pdf,Phoenix SA_Creditos Directos SA.pdf,2017-08-26,Convenios operadores de pago,127.82 KB,130887,https://www.gub.uy/unidad-reguladora-servicios-comunicaciones/datos-y-estadisticas/datos?page=7,2026-04-11,downloads/2017-08-26/Phoenix SA_Creditos Directos SA.pdf,datos
https://www.gub.uy/unidad-reguladora-servicios-comunicaciones/sites/unidad-reguladora-servicios-comunicaciones/files/2019-06/Phoenix%20SA_Pass%20Card%20SA.pdf,Phoenix SA_Pass Card SA.pdf,Phoenix SA_Pass Card SA.pdf,2017-08-26,Convenios operadores de pago,120.51 KB,123402,https://www.gub.uy/unidad-reguladora-servicios-comunicaciones/datos-y-estadisticas/datos?page=7,2026-04-11,downloads/2017-08-26/Phoenix SA_Pass Card SA.pdf,datos
https://www.gub.uy/unidad-reguladora-servicios-comunicaciones/sites/unidad-reguladora-servicios-comunicaciones/files/2019-06/Phoenix%20SA_Socur%20SA.pdf,Phoenix SA_Socur SA.pdf,Phoenix SA_Socur SA.pdf,2017-08-26,Convenios operadores de pago,112.52 KB,115220,https://www.gub.uy/unidad-reguladora-servicios-comunicaciones/datos-y-estadisticas/datos?page=7,2026-04-11,downloads/2017-08-26/Phoenix SA_Socur SA.pdf,datos
https://www.gub.uy/unidad-reguladora-servicios-comunicaciones/sites/unidad-reguladora-servicios-comunicaciones/files/2019-06/POS2000_Creditos%20Directos%20SA_0.pdf,POS2000_Creditos Directos SA_0.pdf,POS2000_Creditos Directos SA_0.pdf,2017-08-26,Convenios operadores de pago,295.93 KB,303032,https://www.gub.uy/unidad-reguladora-servicios-comunicaciones/datos-y-estadisticas/datos?page=7,2026-04-11,downloads/2017-08-26/POS2000_Creditos Directos SA_0.pdf,datos
https://www.gub.uy/unidad-reguladora-servicios-comunicaciones/sites/unidad-reguladora-servicios-comunicaciones/files/2019-06/POS2000_Scotiabank%20Uruguay%20SA.pdf,POS2000_Scotiabank Uruguay SA.pdf,POS2000_Scotiabank Uruguay SA.pdf,2017-08-26,Convenios operadores de pago,408.27 KB,418068,https://www.gub.uy/unidad-reguladora-servicios-comunicaciones/datos-y-estadisticas/datos?page=8,2026-04-11,downloads/2017-08-26/POS2000_Scotiabank Uruguay SA.pdf,datos
https://www.gub.uy/unidad-reguladora-servicios-comunicaciones/sites/unidad-reguladora-servicios-comunicaciones/files/2019-06/Resonance%20Uruguay%20SA_Creditos%20Directos_1.pdf,Resonance Uruguay SA_Creditos Directos_1.pdf,Resonance Uruguay SA_Creditos Directos_1.pdf,2017-08-26,Convenios operadores de pago,142.92 KB,146350,https://www.gub.uy/unidad-reguladora-servicios-comunicaciones/datos-y-estadisticas/datos?page=8,2026-04-11,downloads/2017-08-26/Resonance Uruguay SA_Creditos Directos_1.pdf,datos
https://www.gub.uy/unidad-reguladora-servicios-comunicaciones/sites/unidad-reguladora-servicios-comunicaciones/files/2019-06/Resonance%20Uruguay%20SA_Pass%20Card%20SA_0.pdf,Resonance Uruguay SA_Pass Card SA_0.pdf,Resonance Uruguay SA_Pass Card SA_0.pdf,2017-08-26,Convenios operadores de pago,240.07 KB,245831,https://www.gub.uy/unidad-reguladora-servicios-comunicaciones/datos-y-estadisticas/datos?page=8,2026-04-11,downloads/2017-08-26/Resonance Uruguay SA_Pass Card SA_0.pdf,datos
https://www.gub.uy/unidad-reguladora-servicios-comunicaciones/sites/unidad-reguladora-servicios-comunicaciones/files/2019-06/Resonance%20Uruguay%20SA_Scotiabank%20Uruguay_0_0.pdf,Resonance Uruguay SA_Scotiabank Uruguay_0_0.pdf,Resonance Uruguay SA_Scotiabank Uruguay_0_0.pdf,2017-08-26,Convenios operadores de pago,209.86 KB,214896,https://www.gub.uy/unidad-reguladora-servicios-comunicaciones/datos-y-estadisticas/datos?page=8,2026-04-11,downloads/2017-08-26/Resonance Uruguay SA_Scotiabank Uruguay_0_0.pdf,datos
https://www.gub.uy/unidad-reguladora-servicios-comunicaciones/sites/unidad-reguladora-servicios-comunicaciones/files/2019-06/Resonance%20Uruguay%20SA_Socur%20SA_0.pdf,Resonance Uruguay SA_Socur SA_0.pdf,Resonance Uruguay SA_Socur SA_0.pdf,2017-08-26,Convenios operadores de pago,199.75 KB,204544,https://www.gub.uy/unidad-reguladora-servicios-comunicaciones/datos-y-estadisticas/datos?page=8,2026-04-11,downloads/2017-08-26/Resonance Uruguay SA_Socur SA_0.pdf,datos
https://www.gub.uy/unidad-reguladora-servicios-comunicaciones/sites/unidad-reguladora-servicios-comunicaciones/files/2019-06/Resonance_Anda_contrato%201.pdf,Resonance_Anda_contrato 1.pdf,Resonance_Anda_contrato 1.pdf,2017-08-26,Convenios operadores de pago,110.35 KB,112998,https://www.gub.uy/unidad-reguladora-servicios-comunicaciones/datos-y-estadisticas/datos?page=8,2026-04-11,downloads/2017-08-26/Resonance_Anda_contrato 1.pdf,datos
https://www.gub.uy/unidad-reguladora-servicios-comunicaciones/sites/unidad-reguladora-servicios-comunicaciones/files/2019-06/Resonance_Anda%20_contrato%202.pdf,Resonance_Anda _contrato 2.pdf,Resonance_Anda _contrato 2.pdf,2017-08-26,Convenios operadores de pago,132.21 KB,135383,https://www.gub.uy/unidad-reguladora-servicios-comunicaciones/datos-y-estadisticas/datos?page=8,2026-04-11,downloads/2017-08-26/Resonance_Anda _contrato 2.pdf,datos
https://www.gub.uy/unidad-reguladora-servicios-comunicaciones/sites/unidad-reguladora-servicios-comunicaciones/files/2019-06/Scotiabank%20SA_Phoenix%20SA.pdf,Scotiabank SA_Phoenix SA.pdf,Scotiabank SA_Phoenix SA.pdf,2017-08-26,Convenios operadores de pago,218.51 KB,223754,https://www.gub.uy/unidad-reguladora-servicios-comunicaciones/datos-y-estadisticas/datos?page=8,2026-04-11,downloads/2017-08-26/Scotiabank SA_Phoenix SA.pdf,datos
https://www.gub.uy/unidad-reguladora-servicios-comunicaciones/sites/unidad-reguladora-servicios-comunicaciones/files/2019-06/Scotiabank%20Uruguay%20SA_Sebatop%20SA.pdf,Scotiabank Uruguay SA_Sebatop SA.pdf,Scotiabank Uruguay SA_Sebatop SA.pdf,2017-08-26,Convenios operadores de pago,230.79 KB,236328,https://www.gub.uy/unidad-reguladora-servicios-comunicaciones/datos-y-estadisticas/datos?page=8,2026-04-11,downloads/2017-08-26/Scotiabank Uruguay SA_Sebatop SA.pdf,datos
https://www.gub.uy/unidad-reguladora-servicios-comunicaciones/sites/unidad-reguladora-servicios-comunicaciones/files/2019-06/Sisteco%20SA_PassCard%20SA.pdf,Sisteco SA_PassCard SA.pdf,Sisteco SA_PassCard SA.pdf,2017-08-26,Convenios operadores de pago,248.48 KB,254443,https://www.gub.uy/unidad-reguladora-servicios-comunicaciones/datos-y-estadisticas/datos?page=8,2026-04-11,downloads/2017-08-26/Sisteco SA_PassCard SA.pdf,datos
https://www.gub.uy/unidad-reguladora-servicios-comunicaciones/sites/unidad-reguladora-servicios-comunicaciones/files/2019-06/Sisteco%20SA_SA%20Cia%20Club%20del%20Este.pdf,Sisteco SA_SA Cia Club del Este.pdf,Sisteco SA_SA Cia Club del Este.pdf,2017-08-26,Convenios operadores de pago,192.3 KB,196915,https://www.gub.uy/unidad-reguladora-servicios-comunicaciones/datos-y-estadisticas/datos?page=8,2026-04-11,downloads/2017-08-26/Sisteco SA_SA Cia Club del Este.pdf,datos
https://www.gub.uy/unidad-reguladora-servicios-comunicaciones/sites/unidad-reguladora-servicios-comunicaciones/files/2019-06/Sisteco%20SA_Socur%20SA.pdf,Sisteco SA_Socur SA.pdf,Sisteco SA_Socur SA.pdf,2017-08-26,Convenios operadores de pago,261.63 KB,267909,https://www.gub.uy/unidad-reguladora-servicios-comunicaciones/datos-y-estadisticas/datos?page=9,2026-04-11,downloads/2017-08-26/Sisteco SA_Socur SA.pdf,datos
https://www.gub.uy/unidad-reguladora-servicios-comunicaciones/sites/unidad-reguladora-servicios-comunicaciones/files/2019-06/Visanet_Phoenix.pdf,Visanet_Phoenix.pdf,Visanet_Phoenix.pdf,2017-08-26,Convenios operadores de pago,376.08 KB,385105,https://www.gub.uy/unidad-reguladora-servicios-comunicaciones/datos-y-estadisticas/datos?page=9,2026-04-11,downloads/2017-08-26/Visanet_Phoenix.pdf,datos
https://www.gub.uy/unidad-reguladora-servicios-comunicaciones/sites/unidad-reguladora-servicios-comunicaciones/files/2019-06/Visanet_Sebatop%20SA.pdf,Visanet_Sebatop SA.pdf,Visanet_Sebatop SA.pdf,2017-08-26,Convenios operadores de pago,605.51 KB,620042,https://www.gub.uy/unidad-reguladora-servicios-comunicaciones/datos-y-estadisticas/datos?page=9,2026-04-11,downloads/2017-08-26/Visanet_Sebatop SA.pdf,datos
https://www.gub.uy/unidad-reguladora-servicios-comunicaciones/sites/unidad-reguladora-servicios-comunicaciones/files/2018-11/numeracion_operadores_dic-2016%2B%28002%29.pdf,numeracion_operadores_dic-2016+(002).pdf,Numeración asignada por operador,2016-12-27,,132.99 KB,136181,https://www.gub.uy/unidad-reguladora-servicios-comunicaciones/datos-y-estadisticas/datos?page=9,2026-04-11,downloads/2016-12-27/numeracion_operadores_dic-2016+(002).pdf,datos
https://www.gub.uy/unidad-reguladora-servicios-comunicaciones/sites/unidad-reguladora-servicios-comunicaciones/files/2021-01/First%20Data-Phoenix%20SA-WEB%202014-952.pdf,First Data-Phoenix SA-WEB 2014-952.pdf,Convenio de interconexión entre First Data Uruguay S.A. y Phoenix S.A.,2016-06-13,Convenios operadores de pago,2.16 MB,2264924,https://www.gub.uy/unidad-reguladora-servicios-comunicaciones/datos-y-estadisticas/datos?page=9,2026-04-11,downloads/2016-06-13/First Data-Phoenix SA-WEB 2014-952.pdf,datos
https://www.gub.uy/unidad-reguladora-servicios-comunicaciones/sites/unidad-reguladora-servicios-comunicaciones/files/2020-06/Convenio_Interconexion_Antel_Wireless.pdf,Convenio_Interconexion_Antel_Wireless.pdf,Convenio de Interconexión Antel - AMWU S.A.,2016-05-23,,1.02 MB,1069547,https://www.gub.uy/unidad-reguladora-servicios-comunicaciones/datos-y-estadisticas/datos?page=9,2026-04-11,downloads/2016-05-23/Convenio_Interconexion_Antel_Wireless.pdf,datos
https://www.gub.uy/unidad-reguladora-servicios-comunicaciones/sites/unidad-reguladora-servicios-comunicaciones/files/2021-01/Phoenix%2BS.A-%2BClub%2Bdel%2BEste._0.pdf,Phoenix+S.A-+Club+del+Este._0.pdf,Convenio de interconexión entre Phoenix y Club del Este,2015-06-27,Convenios operadores de pago,143.08 KB,146513,https://www.gub.uy/unidad-reguladora-servicios-comunicaciones/datos-y-estadisticas/datos?page=9,2026-04-11,downloads/2015-06-27/Phoenix+S.A-+Club+del+Este._0.pdf,datos
https://www.gub.uy/unidad-reguladora-servicios-comunicaciones/sites/unidad-reguladora-servicios-comunicaciones/files/2019-06/AMWUyTELEPHONE2.pdf,AMWUyTELEPHONE2.pdf,Convenio de interconexión,2009-12-01,Datos,2.65 MB,2778726,https://www.gub.uy/unidad-reguladora-servicios-comunicaciones/datos-y-estadisticas/datos?page=9,2026-04-11,downloads/2009-12-01/AMWUyTELEPHONE2.pdf,datos
https://www.gub.uy/unidad-reguladora-servicios-comunicaciones/sites/unidad-reguladora-servicios-comunicaciones/files/2019-06/parte%201.pdf,parte 1.pdf,Anexos,2009-12-01,Datos,4.9 MB,5138022,https://www.gub.uy/unidad-reguladora-servicios-comunicaciones/datos-y-estadisticas/datos?page=9,2026-04-11,downloads/2009-12-01/parte 1.pdf,datos
https://www.gub.uy/unidad-reguladora-servicios-comunicaciones/sites/unidad-reguladora-servicios-comunicaciones/files/2019-06/ANEXO%201_0.pdf,ANEXO 1_0.pdf,Anexo 1,2006-06-30,Datos,15.66 KB,16035,https://www.gub.uy/unidad-reguladora-servicios-comunicaciones/datos-y-estadisticas/datos?page=9,2026-04-11,downloads/2006-06-30/ANEXO 1_0.pdf,datos
https://www.gub.uy/unidad-reguladora-servicios-comunicaciones/sites/unidad-reguladora-servicios-comunicaciones/files/2019-06/ANEXO%202_0.pdf,ANEXO 2_0.pdf,Anexo 2,2006-06-30,Datos,16.15 KB,16537,https://www.gub.uy/unidad-reguladora-servicios-comunicaciones/datos-y-estadisticas/datos?page=9,2026-04-11,downloads/2006-06-30/ANEXO 2_0.pdf,datos
https://www.gub.uy/unidad-reguladora-servicios-comunicaciones/sites/unidad-reguladora-servicios-comunicaciones/files/2019-06/Addenda_0.pdf,Addenda_0.pdf,Addenda_0.pdf,2006-06-13,Datos,7.88 KB,8069,https://www.gub.uy/unidad-reguladora-servicios-comunicaciones/datos-y-estadisticas/datos?page=9,2026-04-11,downloads/2006-06-13/Addenda_0.pdf,datos
https://www.gub.uy/unidad-reguladora-servicios-comunicaciones/sites/unidad-reguladora-servicios-comunicaciones/files/2019-06/Anexo%201.pdf,Anexo 1.pdf,Anexo 1.pdf,2006-06-13,Datos,15.54 KB,15912,https://www.gub.uy/unidad-reguladora-servicios-comunicaciones/datos-y-estadisticas/datos?page=9,2026-04-11,downloads/2006-06-13/Anexo 1.pdf,datos
https://www.gub.uy/unidad-reguladora-servicios-comunicaciones/sites/unidad-reguladora-servicios-comunicaciones/files/2019-06/Anexo%201_1.pdf,Anexo 1_1.pdf,Anexo 1,2006-02-24,Datos,15.66 KB,16035,https://www.gub.uy/unidad-reguladora-servicios-comunicaciones/datos-y-estadisticas/datos?page=10,2026-04-11,downloads/2006-02-24/Anexo 1_1.pdf,datos
https://www.gub.uy/unidad-reguladora-servicios-comunicaciones/sites/unidad-reguladora-servicios-comunicaciones/files/2019-06/Anexo%202_7.pdf,Anexo 2_7.pdf,Anexo 2,2006-02-24,Datos,16.15 KB,16537,https://www.gub.uy/unidad-reguladora-servicios-comunicaciones/datos-y-estadisticas/datos?page=10,2026-04-11,downloads/2006-02-24/Anexo 2_7.pdf,datos
https://www.gub.uy/unidad-reguladora-servicios-comunicaciones/sites/unidad-reguladora-servicios-comunicaciones/files/2019-06/Anexo%201_2.pdf,Anexo 1_2.pdf,Anexo 1,2006-02-01,Datos,15.66 KB,16035,https://www.gub.uy/unidad-reguladora-servicios-comunicaciones/datos-y-estadisticas/datos?page=10,2026-04-11,downloads/2006-02-01/Anexo 1_2.pdf,datos
https://www.gub.uy/unidad-reguladora-servicios-comunicaciones/sites/unidad-reguladora-servicios-comunicaciones/files/2019-06/ANEXO%202.pdf,ANEXO 2.pdf,ANEXO 2.pdf,2006-02-01,Datos,16.15 KB,16537,https://www.gub.uy/unidad-reguladora-servicios-comunicaciones/datos-y-estadisticas/datos?page=10,2026-04-11,downloads/2006-02-01/ANEXO 2.pdf,datos
https://www.gub.uy/unidad-reguladora-servicios-comunicaciones/sites/unidad-reguladora-servicios-comunicaciones/files/2019-06/ADDENDA_0.pdf,ADDENDA_0.pdf,ADDENDA,2005-01-27,Datos,9.03 KB,9246,https://www.gub.uy/unidad-reguladora-servicios-comunicaciones/datos-y-estadisticas/datos?page=10,2026-04-11,downloads/2005-01-27/ADDENDA_0.pdf,datos
https://www.gub.uy/unidad-reguladora-servicios-comunicaciones/sites/unidad-reguladora-servicios-comunicaciones/files/2019-06/ANEXO%201_2.pdf,ANEXO 1_2.pdf,ANEXO 1,2005-01-27,Datos,33.07 KB,33863,https://www.gub.uy/unidad-reguladora-servicios-comunicaciones/datos-y-estadisticas/datos?page=10,2026-04-11,downloads/2005-01-27/ANEXO 1_2.pdf,datos
https://www.gub.uy/unidad-reguladora-servicios-comunicaciones/sites/unidad-reguladora-servicios-comunicaciones/files/2019-06/ADDENDA.pdf,ADDENDA.pdf,Addenda,2005-01-08,Datos,30.18 KB,30904,https://www.gub.uy/unidad-reguladora-servicios-comunicaciones/datos-y-estadisticas/datos?page=10,2026-04-11,downloads/2005-01-08/ADDENDA.pdf,datos
https://www.gub.uy/unidad-reguladora-servicios-comunicaciones/sites/unidad-reguladora-servicios-comunicaciones/files/2019-06/ANEXO%201_1.pdf,ANEXO 1_1.pdf,Anexo 1,2005-01-08,Datos,15.7 KB,16076,https://www.gub.uy/unidad-reguladora-servicios-comunicaciones/datos-y-estadisticas/datos?page=10,2026-04-11,downloads/2005-01-08/ANEXO 1_1.pdf,datos
https://www.gub.uy/unidad-reguladora-servicios-comunicaciones/sites/unidad-reguladora-servicios-comunicaciones/files/2019-06/Addenda%20Convenio%20de%20Interconexion%20Movistar_CTI.pdf,Addenda Convenio de Interconexion Movistar_CTI.pdf,Addenda Convenio de Interconexión Movistar_CTI,2004-12-20,Convenio de interconexión,506.31 KB,518461,https://www.gub.uy/unidad-reguladora-servicios-comunicaciones/datos-y-estadisticas/datos?page=10,2026-04-11,downloads/2004-12-20/Addenda Convenio de Interconexion Movistar_CTI.pdf,datos
https://www.gub.uy/unidad-reguladora-servicios-comunicaciones/sites/unidad-reguladora-servicios-comunicaciones/files/2019-06/Addenda%20MOVISTAR_CLARO%201%20octubre%202010.pdf,Addenda MOVISTAR_CLARO 1 octubre 2010.pdf,Addenda MOVISTAR-CLARO 1 octubre 2010,2004-12-20,Convenio de interconexión,381.6 KB,390758,https://www.gub.uy/unidad-reguladora-servicios-comunicaciones/datos-y-estadisticas/datos?page=10,2026-04-11,downloads/2004-12-20/Addenda MOVISTAR_CLARO 1 octubre 2010.pdf,datos
https://www.gub.uy/unidad-reguladora-servicios-comunicaciones/sites/unidad-reguladora-servicios-comunicaciones/files/2019-06/Addenda_1.pdf,Addenda_1.pdf,Addenda,2004-12-14,Datos,17.79 KB,18216,https://www.gub.uy/unidad-reguladora-servicios-comunicaciones/datos-y-estadisticas/datos?page=10,2026-04-11,downloads/2004-12-14/Addenda_1.pdf,datos
https://www.gub.uy/unidad-reguladora-servicios-comunicaciones/sites/unidad-reguladora-servicios-comunicaciones/files/2019-06/ANEXO%201_3.pdf,ANEXO 1_3.pdf,Anexo 1,2004-12-14,Datos,57.86 KB,59248,https://www.gub.uy/unidad-reguladora-servicios-comunicaciones/datos-y-estadisticas/datos?page=10,2026-04-11,downloads/2004-12-14/ANEXO 1_3.pdf,datos
https://www.gub.uy/unidad-reguladora-servicios-comunicaciones/sites/unidad-reguladora-servicios-comunicaciones/files/2019-06/Convenio%20de%20interconexion.pdf,Convenio de interconexion.pdf,Convenio de interconexión,2003-11-01,Datos,1.19 MB,1247805,https://www.gub.uy/unidad-reguladora-servicios-comunicaciones/datos-y-estadisticas/datos?page=10,2026-04-11,downloads/2003-11-01/Convenio de interconexion.pdf,datos
https://www.gub.uy/unidad-reguladora-servicios-comunicaciones/sites/unidad-reguladora-servicios-comunicaciones/files/2019-06/Addenda%20al%20convenio%20de%20interconexion%20febrero%202007.pdf,Addenda al convenio de interconexion febrero 2007.pdf,Addenda,2003-11-01,Datos,298.51 KB,305674,https://www.gub.uy/unidad-reguladora-servicios-comunicaciones/datos-y-estadisticas/datos?page=10,2026-04-11,downloads/2003-11-01/Addenda al convenio de interconexion febrero 2007.pdf,datos
https://www.gub.uy/unidad-reguladora-servicios-comunicaciones/sites/unidad-reguladora-servicios-comunicaciones/files/documentos/publicaciones/Bases_del_Concurso_de_Equidad_de_G%C3%A9nero_Ursec_2026.pdf,Bases_del_Concurso_de_Equidad_de_Género_Ursec_2026.pdf,Bases del Concurso de Equidad de Género URSEC 2026,2026-03-24,Instructivo,272.93 KB,279480,https://www.gub.uy/unidad-reguladora-servicios-comunicaciones/tematica/servicios-telecomunicaciones,2026-04-11,downloads/2026-03-24/Bases_del_Concurso_de_Equidad_de_Género_Ursec_2026.pdf,telecom
https://www.gub.uy/unidad-reguladora-servicios-comunicaciones/sites/unidad-reguladora-servicios-comunicaciones/files/documentos/publicaciones/FICHA%20T%C3%89CNICA%20DE%20POSTULACI%C3%93N%20PARA%20EL%20CONCURSO.docx,FICHA TÉCNICA DE POSTULACIÓN PARA EL CONCURSO.docx,Ficha técnica de postulación,2026-03-24,Instructivo,45.88 KB,46981,https://www.gub.uy/unidad-reguladora-servicios-comunicaciones/tematica/servicios-telecomunicaciones,2026-04-11,downloads/2026-03-24/FICHA TÉCNICA DE POSTULACIÓN PARA EL CONCURSO.docx,telecom
https://www.gub.uy/unidad-reguladora-servicios-comunicaciones/sites/unidad-reguladora-servicios-comunicaciones/files/documentos/publicaciones/Mejora%20continua%20en%20el%20Departamento%20de%20Administraci%C3%B3n%20de%20Espectro.%20Servicio%20de%20Radioaficionados%20-%20URSEC.pdf,Mejora continua en el Departamento de Administración de Espectro. Servicio de Radioaficionados - URSEC.pdf,Mejora continua en el Departamento de Administración de Espectro. Servicio de Radioaficionados – C. García y M. Capdevielle,2025-11-20,Materiales didácticos,332.17 KB,340142,https://www.gub.uy/unidad-reguladora-servicios-comunicaciones/tematica/servicios-telecomunicaciones,2026-04-11,downloads/2025-11-20/Mejora continua en el Departamento de Administración de Espectro. Servicio de Radioaficionados - URSEC.pdf,telecom
https://www.gub.uy/unidad-reguladora-servicios-comunicaciones/sites/unidad-reguladora-servicios-comunicaciones/files/documentos/publicaciones/Calidad%20de%20servicio%20y%20experiencia%20de%20usuario%20en%20servicios%20de%20telecomunicaciones%20-%20URSEC.pdf,Calidad de servicio y experiencia de usuario en servicios de telecomunicaciones - URSEC.pdf,"Calidad de servicio y experiencia de usuario en servicios de telecomunicaciones – F. Hernández, A. Hill y N. Rodríguez",2025-11-20,Materiales didácticos,1.49 MB,1562378,https://www.gub.uy/unidad-reguladora-servicios-comunicaciones/tematica/servicios-telecomunicaciones,2026-04-11,downloads/2025-11-20/Calidad de servicio y experiencia de usuario en servicios de telecomunicaciones - URSEC.pdf,telecom
https://www.gub.uy/unidad-reguladora-servicios-comunicaciones/sites/unidad-reguladora-servicios-comunicaciones/files/2025-01/Informe%20sobre%20portabilidad%20num%C3%A9rica%20en%20el%20Uruguay%20al%2031%20de%20diciembre%20de%202024.pdf,Informe sobre portabilidad numérica en el Uruguay al 31 de diciembre de 2024.pdf,Informe sobre portabilidad numérica en el Uruguay al 31 de diciembre de 2024,2024-10-25,Información estadística,642.55 KB,657971,https://www.gub.uy/unidad-reguladora-servicios-comunicaciones/tematica/servicios-telecomunicaciones,2026-04-11,downloads/2024-10-25/Informe sobre portabilidad numérica en el Uruguay al 31 de diciembre de 2024.pdf,telecom
https://www.gub.uy/unidad-reguladora-servicios-comunicaciones/sites/unidad-reguladora-servicios-comunicaciones/files/2025-01/An%C3%A1lisis%20comparativo%20al%2031%20de%20diciembre%20de%202024.pdf,Análisis comparativo al 31 de diciembre de 2024.pdf,Análisis comparativo al 31 de diciembre de 2024,2024-10-25,Información estadística,597.13 KB,611461,https://www.gub.uy/unidad-reguladora-servicios-comunicaciones/tematica/servicios-telecomunicaciones,2026-04-11,downloads/2024-10-25/Análisis comparativo al 31 de diciembre de 2024.pdf,telecom
https://www.gub.uy/unidad-reguladora-servicios-comunicaciones/sites/unidad-reguladora-servicios-comunicaciones/files/documentos/publicaciones/ESPECTRO%20IMT%20Y%20REDES%20SATELITALES.PDF,ESPECTRO IMT Y REDES SATELITALES.PDF,Espectro (IMT y redes satelitales),2024-10-17,Materiales didácticos,1.04 MB,1090519,https://www.gub.uy/unidad-reguladora-servicios-comunicaciones/tematica/servicios-telecomunicaciones?page=1,2026-04-11,downloads/2024-10-17/ESPECTRO IMT Y REDES SATELITALES.PDF,telecom
https://www.gub.uy/unidad-reguladora-servicios-comunicaciones/sites/unidad-reguladora-servicios-comunicaciones/files/documentos/publicaciones/Licencias%20clase%20B.pdf,Licencias clase B.pdf,Nuevas licencias clase B,2024-10-17,Materiales didácticos,887.89 KB,909199,https://www.gub.uy/unidad-reguladora-servicios-comunicaciones/tematica/servicios-telecomunicaciones?page=1,2026-04-11,downloads/2024-10-17/Licencias clase B.pdf,telecom
https://www.gub.uy/unidad-reguladora-servicios-comunicaciones/sites/unidad-reguladora-servicios-comunicaciones/files/documentos/publicaciones/AGENDA%20DEL%20EVENTO%202024%20%28actualizada%2016.10.2024%29.pdf,AGENDA DEL EVENTO 2024 (actualizada 16.10.2024).pdf,Agenda - Jornada Anual de Regulación de Servicios de Comunicaciones 2024,2024-10-15,Guías,1.04 MB,1090519,https://www.gub.uy/unidad-reguladora-servicios-comunicaciones/tematica/servicios-telecomunicaciones?page=1,2026-04-11,downloads/2024-10-15/AGENDA DEL EVENTO 2024 (actualizada 16.10.2024).pdf,telecom
https://www.gub.uy/unidad-reguladora-servicios-comunicaciones/sites/unidad-reguladora-servicios-comunicaciones/files/2024-01/Resoluci%C3%B3n%20del%20Poder%20Ejecutivo%20Cadena%20Nacional%2027%20de%20enero%20de%202024.pdf,Resolución del Poder Ejecutivo Cadena Nacional 27 de enero de 2024.pdf,Resolución del Poder Ejecutivo Cadena Nacional 27 de enero de 2024,2026-04-11,,313.33 KB,320849,https://www.gub.uy/unidad-reguladora-servicios-comunicaciones/tematica/servicios-telecomunicaciones?page=2,2026-04-11,downloads/2026-04-11/Resolución del Poder Ejecutivo Cadena Nacional 27 de enero de 2024.pdf,telecom
https://www.gub.uy/unidad-reguladora-servicios-comunicaciones/sites/unidad-reguladora-servicios-comunicaciones/files/documentos/publicaciones/AGENDA%20DEL%20EVENTO_2.pdf,AGENDA DEL EVENTO_2.pdf,Agenda - Jornada Anual de Regulación de Servicios de Comunicaciones 2023,2023-11-28,Materiales didácticos,202.94 KB,207810,https://www.gub.uy/unidad-reguladora-servicios-comunicaciones/tematica/servicios-telecomunicaciones?page=2,2026-04-11,downloads/2023-11-28/AGENDA DEL EVENTO_2.pdf,telecom
https://www.gub.uy/unidad-reguladora-servicios-comunicaciones/sites/unidad-reguladora-servicios-comunicaciones/files/documentos/publicaciones/Importancia%20de%20datos%20estad%C3%ADsticos%20telecomunicaciones%20-%20Diego%20Larriera%20%28URSEC%29.pdf,Importancia de datos estadísticos telecomunicaciones - Diego Larriera (URSEC).pdf,Importancia de los datos estadísticos para la regulación de los mercados de telecomunicaciones,2023-11-28,Materiales didácticos,2.11 MB,2212495,https://www.gub.uy/unidad-reguladora-servicios-comunicaciones/tematica/servicios-telecomunicaciones?page=2,2026-04-11,downloads/2023-11-28/Importancia de datos estadísticos telecomunicaciones - Diego Larriera (URSEC).pdf,telecom
https://www.gub.uy/unidad-reguladora-servicios-comunicaciones/sites/unidad-reguladora-servicios-comunicaciones/files/documentos/publicaciones/Defensa%20del%20Consumidor%20-%20Stefan%C3%ADa%20Sorribas%20%28URSEC%29.pdf,Defensa del Consumidor - Stefanía Sorribas (URSEC).pdf,Defensa del consumidor,2023-11-28,Materiales didácticos,1.03 MB,1080033,https://www.gub.uy/unidad-reguladora-servicios-comunicaciones/tematica/servicios-telecomunicaciones?page=2,2026-04-11,downloads/2023-11-28/Defensa del Consumidor - Stefanía Sorribas (URSEC).pdf,telecom
https://www.gub.uy/unidad-reguladora-servicios-comunicaciones/sites/unidad-reguladora-servicios-comunicaciones/files/documentos/publicaciones/Guia%20PIeL%20para%20la%20industria.pdf,Guia PIeL para la industria.pdf,Guía PIeL para la industria,2020-10-16,Recomendaciones,1.54 MB,1614807,https://www.gub.uy/unidad-reguladora-servicios-comunicaciones/tematica/servicios-telecomunicaciones?page=7,2026-04-11,downloads/2020-10-16/Guia PIeL para la industria.pdf,telecom
https://www.gub.uy/unidad-reguladora-servicios-comunicaciones/sites/unidad-reguladora-servicios-comunicaciones/files/documentos/publicaciones/Guia%20PIeL%20para%20encargados%20de%20formular%20pol%C3%ADticas.pdf,Guia PIeL para encargados de formular políticas.pdf,Guía PIeL para encargados de formular políticas,2020-10-16,Recomendaciones,1.55 MB,1625292,https://www.gub.uy/unidad-reguladora-servicios-comunicaciones/tematica/servicios-telecomunicaciones?page=7,2026-04-11,downloads/2020-10-16/Guia PIeL para encargados de formular políticas.pdf,telecom
https://www.gub.uy/unidad-reguladora-servicios-comunicaciones/sites/unidad-reguladora-servicios-comunicaciones/files/documentos/publicaciones/En%20l%C3%ADnea%20con%20SANGO.pdf,En línea con SANGO.pdf,En línea con SANGO,2020-10-16,Recomendaciones,4.75 MB,4980736,https://www.gub.uy/unidad-reguladora-servicios-comunicaciones/tematica/servicios-telecomunicaciones?page=7,2026-04-11,downloads/2020-10-16/En línea con SANGO.pdf,telecom
https://www.gub.uy/unidad-reguladora-servicios-comunicaciones/sites/unidad-reguladora-servicios-comunicaciones/files/documentos/publicaciones/Libro%20de%20ejercicios%20sobre%20Seguridad%20en%20L%C3%ADnea%20-%20Trabaja%20con%20SANGO.pdf,Libro de ejercicios sobre Seguridad en Línea - Trabaja con SANGO.pdf,Trabaja con SANGO,2020-10-16,Recomendaciones,5.94 MB,6228541,https://www.gub.uy/unidad-reguladora-servicios-comunicaciones/tematica/servicios-telecomunicaciones?page=7,2026-04-11,downloads/2020-10-16/Libro de ejercicios sobre Seguridad en Línea - Trabaja con SANGO.pdf,telecom
https://www.gub.uy/unidad-reguladora-servicios-comunicaciones/sites/unidad-reguladora-servicios-comunicaciones/files/documentos/publicaciones/Guia%20PIeL%20para%20padres%20y%20educadores.pdf,Guia PIeL para padres y educadores.pdf,Guía PIeL para ´padres y educadores,2020-10-16,Recomendaciones,2.96 MB,3103784,https://www.gub.uy/unidad-reguladora-servicios-comunicaciones/tematica/servicios-telecomunicaciones?page=7,2026-04-11,downloads/2020-10-16/Guia PIeL para padres y educadores.pdf,telecom
https://www.gub.uy/unidad-reguladora-servicios-comunicaciones/sites/unidad-reguladora-servicios-comunicaciones/files/documentos/publicaciones/R-REC-P.1546-6-201908.pdf,R-REC-P.1546-6-201908.pdf,Recomendación UIT-R P.1546-6 (08/2019),2020-02-14,Recomendaciones,4.32 MB,4529848,https://www.gub.uy/unidad-reguladora-servicios-comunicaciones/tematica/servicios-telecomunicaciones?page=9,2026-04-11,downloads/2020-02-14/R-REC-P.1546-6-201908.pdf,telecom
https://www.gub.uy/unidad-reguladora-servicios-comunicaciones/sites/unidad-reguladora-servicios-comunicaciones/files/documentos/publicaciones/Empate2019_ResultadosFinal.pdf,Empate2019_ResultadosFinal.pdf,Informe EnPaTe 2019,2019-08-13,Informes,793.54 KB,812584,https://www.gub.uy/unidad-reguladora-servicios-comunicaciones/tematica/servicios-telecomunicaciones?page=10,2026-04-11,downloads/2019-08-13/Empate2019_ResultadosFinal.pdf,telecom
https://www.gub.uy/unidad-reguladora-servicios-comunicaciones/sites/unidad-reguladora-servicios-comunicaciones/files/2020-11/SOLICITUD%20DE%20AUTORIZACI%C3%93N%20DE%20CONCENTRACI%C3%93N.pdf,SOLICITUD DE AUTORIZACIÓN DE CONCENTRACIÓN.pdf,Formulario de solicitud de autorización de concentración económica,2026-04-11,,210.78 KB,215838,https://www.gub.uy/unidad-reguladora-servicios-comunicaciones/tematica/servicios-telecomunicaciones?page=13,2026-04-11,downloads/2026-04-11/SOLICITUD DE AUTORIZACIÓN DE CONCENTRACIÓN.pdf,telecom
https://www.gub.uy/unidad-reguladora-servicios-comunicaciones/sites/unidad-reguladora-servicios-comunicaciones/files/2020-01/Modelo%20de%20Certificado%20Notarial%20para%20la%20Declaraci%C3%B3n%20Jurada%20del%20art.%20104%20Lit%20G%20y%20art.%20105%20de%20la%20Ley%2019307.pdf,Modelo de Certificado Notarial para la Declaración Jurada del art. 104 Lit G y art. 105 de la Ley 19307.pdf,Modelo de Certificado Notarial para la Declaración Jurada del Art. 104 Lit. G y Art. 105 - Ley 19307,2026-04-11,,115.63 KB,118405,https://www.gub.uy/unidad-reguladora-servicios-comunicaciones/tematica/servicios-telecomunicaciones?page=13,2026-04-11,downloads/2026-04-11/Modelo de Certificado Notarial para la Declaración Jurada del art. 104 Lit G y art. 105 de la Ley 19307.pdf,telecom
https://www.gub.uy/unidad-reguladora-servicios-comunicaciones/sites/unidad-reguladora-servicios-comunicaciones/files/2020-01/Modelo%20Certificado%20Notarial%20Declaraci%C3%B3n%20Jurada%20art%20106%20105%20Ley%2019307%20Persona%20Jur%C3%ADdica.pdf,Modelo Certificado Notarial Declaración Jurada art 106 105 Ley 19307 Persona Jurídica.pdf,Modelo de Certificado Notarial para la Declaración Jurada del Art. 105 y 106 - Ley 19307,2026-04-11,,66.12 KB,67706,https://www.gub.uy/unidad-reguladora-servicios-comunicaciones/tematica/servicios-telecomunicaciones?page=13,2026-04-11,downloads/2026-04-11/Modelo Certificado Notarial Declaración Jurada art 106 105 Ley 19307 Persona Jurídica.pdf,telecom
